{"00": [-1.1451586914742446e-05, -3.2214584441353394e-06], "01": [-6.790918734485212e-06, -4.81451415295883e-06], "10": [-7.956266341810207e-06, -5.274515641481488e-06], "11": [-4.52145281619684e-06, -4.927649640542375e-06]}