{"m01": [-6.967321662594014e-06, -4.822341216311738e-06], "m02": [-4.789124950622563e-06, -5.01843390813815e-06], "m03": [-1.0945806588612537e-05, -3.2874711001240726e-06], "m04": [-5.6208937640158316e-06, -4.8972775619988635e-06], "m05": [-6.320559257387457e-06, -4.7281269492309875e-06], "m06": [-7.244711506606234e-06, -4.456581133623612e-06], "m07": [-8.210816324149061e-06, -4.394092616792302e-06], "m08": [-5.634505441357596e-06, -4.953488386469267e-06], "m09": [-6.526474871247484e-06, -4.835434489564659e-06], "m10": [-7.552680611119027e-06, -4.577166163067744e-06], "m11": [-8.741655805207538e-06, -4.382932323824779e-06], "m12": [-8.137429851599755e-06, -4.510022245207743e-06], "m13": [-5.290929390577794e-06, -5.20080972285468e-06], "m14": [-9.433779951135377e-06, -3.866438253830432e-06], "m15": [-5.618201079112613e-06, -5.240536995433655e-06], "m16": [-7.037311211322296e-06, -5.481962662531933e-06]}