{"m01": [-1.1485282955645388e-05, -3.24570256878392e-06], "m02": [-7.730765891739605e-06, -5.3088430257589496e-06], "m03": [-6.8518000617051984e-06, -4.869150466615432e-06], "m04": [-9.506383993199893e-06, -4.437349380401805e-06], "m05": [-8.18433248924897e-06, -4.7344103536826625e-06], "m06": [-8.314268633538571e-06, -4.651458705885255e-06], "m07": [-6.022772138523412e-06, -4.9350346665202675e-06], "m08": [-9.422589864697025e-06, -4.405290385325082e-06], "m09": [-8.210740121864587e-06, -4.855653976048591e-06], "m10": [-8.162020227250007e-06, -4.7901821809785234e-06], "m11": [-5.9469093246975885e-06, -4.981607969435055e-06], "m12": [-9.769927024637605e-06, -3.8848549916893524e-06], "m13": [-6.80340140106451e-06, -5.588057899658737e-06], "m14": [-9.461283689723048e-06, -3.9024428610266795e-06], "m15": [-6.835189339185008e-06, -5.42957046946853e-06], "m16": [-5.284617218650952e-06, -5.1302539609305806e-06]}