{"m01": [-7.934278324445008e-06, -5.156810287753876e-06], "m02": [-1.1033777097413003e-05, -3.4613742991787422e-06], "m03": [-5.334162901824861e-06, -5.241226292935445e-06], "m04": [-9.34322888845511e-06, -4.661702828935955e-06], "m05": [-8.022960872012426e-06, -4.8406930123643814e-06], "m06": [-8.12451882284368e-06, -4.626386108057369e-06], "m07": [-6.035252646987617e-06, -5.031808919233147e-06], "m08": [-8.692116915154686e-06, -4.616581086879431e-06], "m09": [-7.700240378824719e-06, -4.922616735191865e-06], "m10": [-7.548582519552843e-06, -4.7848146157806456e-06], "m11": [-5.583919937113703e-06, -5.085321696821617e-06], "m12": [-7.043453635296862e-06, -5.1738473554546046e-06], "m13": [-9.308663535022413e-06, -4.135698739148462e-06], "m14": [-6.958713252350439e-06, -5.2682934034301326e-06], "m15": [-8.998561992310498e-06, -4.070316205509758e-06], "m16": [-6.547404349914315e-06, -4.930207558613672e-06]}