{"m01": [-5.117333898096476e-06, -4.766688299182793e-06], "m02": [-6.561315017951815e-06, -4.9033543455484185e-06], "m03": [-6.432661334163407e-06, -5.337772859495907e-06], "m04": [-5.9243819451982654e-06, -4.905368087445056e-06], "m05": [-7.750646809663047e-06, -4.555981821317476e-06], "m06": [-7.71432642226657e-06, -4.444533807331407e-06], "m07": [-8.821537237864373e-06, -4.5811757362162114e-06], "m08": [-5.878433594902408e-06, -4.879783077473334e-06], "m09": [-7.416098641316304e-06, -4.476039757498667e-06], "m10": [-6.974864455216712e-06, -4.6127123478312696e-06], "m11": [-8.275274489546293e-06, -4.6393964446759656e-06], "m12": [-5.509737867040635e-06, -4.949015730715097e-06], "m13": [-8.01806163093027e-06, -4.367825379229999e-06], "m14": [-5.564723404224461e-06, -4.913831992237287e-06], "m15": [-7.834082926381273e-06, -4.486864752476743e-06], "m16": [-9.552382059895486e-06, -3.7650891775708763e-06]}